"benchmark","model","residual_mode","depth","seed","pi_rel_err","Q_rel_err","Q_hat","Q_true","rmse_y","rmse_null","rmse_mu_true","cor_mu","oos_n_eval","oos_rmse","oos_mae","oos_nll","svi_steps","eval_max_n"
"average_case_recovery","baseline_standard","standard",4,20260326,0.00215238157785909,0.0758280740105706,1.01091241836548,0.939659823708547,0.677268921985547,18.4659358591022,0.673854385083942,0.999348935780194,507,2.46913391038915,1.80600778325974,2.35272192702372,600,1000
"average_case_recovery","full_attn_residual","full_attn",4,20260326,0.00368802448699719,0.334423957939558,1.25390458106995,0.939659823708547,0.99460294646943,18.4659358591022,0.99176685676457,0.99859339190611,507,3.21965409394059,2.40989221257556,2.6392980120074,600,1000
